{
  "arms": {
    "left": {
      "axis_calibration": {
        "axis_enabled": [
          false,
          true,
          false
        ],
        "axis_quality": [
          0.957506547256794,
          0.9999748473771408,
          -0.2878496558664437
        ],
        "axis_response": [
          [
            6.184042952739333e-05,
            -0.00024224065931299776,
            6.181265344551434e-05
          ],
          [
            -2.4295126577200676e-06,
            0.03495542892623771,
            -1.1313945122992664e-06
          ],
          [
            -1.8467899724150527e-05,
            5.280962946363488e-05,
            -1.8582212027773437e-05
          ]
        ],
        "axis_scale": [
          3.0,
          1.0012750830166137,
          3.0
        ],
        "axis_sign": [
          1.0,
          1.0,
          -1.0
        ],
        "probe_distance_m": 0.035,
        "probes": [
          {
            "actual_delta": [
              6.184042952739333e-05,
              -2.4295126577200676e-06,
              -1.8467899724150527e-05
            ],
            "alignment": 0.957506547256794,
            "axis": "x",
            "desired_delta_base": [
              0.035,
              0.0,
              0.0
            ],
            "ik_ok": false
          },
          {
            "actual_delta": [
              -0.00024224065931299776,
              0.03495542892623771,
              5.280962946363488e-05
            ],
            "alignment": 0.9999748473771408,
            "axis": "y",
            "desired_delta_base": [
              0.0,
              0.035,
              0.0
            ],
            "ik_ok": true
          },
          {
            "actual_delta": [
              6.181265344551434e-05,
              -1.1313945122992664e-06,
              -1.8582212027773437e-05
            ],
            "alignment": -0.2878496558664437,
            "axis": "z",
            "desired_delta_base": [
              0.0,
              0.0,
              0.035
            ],
            "ik_ok": false
          }
        ]
      },
      "frame_name": "link6_L",
      "start_pose": {
        "position": [
          -6.656904988366704,
          -6.20850309584425,
          2.8771677659753037
        ],
        "quat_wxyz": [
          -1.0621215244638868e-06,
          0.1372260664622484,
          -4.563182804062869e-06,
          0.9905397552139681
        ]
      }
    },
    "right": {
      "axis_calibration": {
        "axis_enabled": [
          false,
          true,
          false
        ],
        "axis_quality": [
          -0.9517513760782094,
          0.9999017933336438,
          0.30465846535694063
        ],
        "axis_response": [
          [
            -0.00017051409982471455,
            -0.00047762707655785164,
            -0.0001710420651264144
          ],
          [
            -7.0209651017449914e-06,
            0.034922140781792343,
            -7.22927404428475e-06
          ],
          [
            5.4528177631851804e-05,
            0.0001069799448769615,
            5.475909317187444e-05
          ]
        ],
        "axis_scale": [
          3.0,
          1.002229508743297,
          3.0
        ],
        "axis_sign": [
          -1.0,
          1.0,
          1.0
        ],
        "probe_distance_m": 0.035,
        "probes": [
          {
            "actual_delta": [
              -0.00017051409982471455,
              -7.0209651017449914e-06,
              5.4528177631851804e-05
            ],
            "alignment": -0.9517513760782094,
            "axis": "x",
            "desired_delta_base": [
              0.035,
              0.0,
              0.0
            ],
            "ik_ok": false
          },
          {
            "actual_delta": [
              -0.00047762707655785164,
              0.034922140781792343,
              0.0001069799448769615
            ],
            "alignment": 0.9999017933336438,
            "axis": "y",
            "desired_delta_base": [
              0.0,
              0.035,
              0.0
            ],
            "ik_ok": true
          },
          {
            "actual_delta": [
              -0.0001710420651264144,
              -7.22927404428475e-06,
              5.475909317187444e-05
            ],
            "alignment": 0.30465846535694063,
            "axis": "z",
            "desired_delta_base": [
              0.0,
              0.0,
              0.035
            ],
            "ik_ok": false
          }
        ]
      },
      "frame_name": "link6_R",
      "start_pose": {
        "position": [
          -6.656679878757478,
          -6.907099264947667,
          2.877092741873498
        ],
        "quat_wxyz": [
          -0.09718514221162736,
          -0.7003934752532502,
          0.7003996077338734,
          0.09718239264504908
        ]
      }
    }
  },
  "base_pose": {
    "position": [
      -0.09643708914518356,
      -6.55706787109375,
      1.7341209650039673
    ],
    "quat_wxyz": [
      0.0,
      1.0,
      0.0,
      0.0
    ]
  },
  "mobile_joints": {
    "indices": [
      0,
      1,
      2,
      3,
      4,
      5,
      6,
      7
    ],
    "names": [
      "joint1_mobile",
      "joint2_mobile",
      "joint3_mobile",
      "joint4_mobile",
      "joint5_mobile",
      "joint6_mobile",
      "joint7_mobile",
      "joint8_mobile"
    ]
  },
  "robot_key": "humanoid_base",
  "robot_prim_path": "/World/combined_mobile_humanoid_base/root_joint",
  "stage_path": "./com_hum_light_test.usd",
  "urdf_path": "./humanoid_urdf_assemble/urdf/combined_mobile_humanoid_base.urdf"
}
