{
  "arms": {
    "left": {
      "axis_calibration": {
        "axis_enabled": [
          true,
          true,
          false
        ],
        "axis_quality": [
          0.9636564286429083,
          0.9996094204173673,
          0.04930271790167505
        ],
        "axis_response": [
          [
            0.026428900257977617,
            0.0008459612410582906,
            -0.02470461460373219
          ],
          [
            0.0055433229935388795,
            0.035103695343771335,
            -0.04275146074055591
          ],
          [
            -0.004790706641869313,
            0.0004975061670871028,
            0.002437343086250987
          ]
        ],
        "axis_scale": [
          1.3243078470295102,
          0.9970460276972027,
          3.0
        ],
        "axis_sign": [
          1.0,
          1.0,
          1.0
        ],
        "probe_distance_m": 0.035,
        "probes": [
          {
            "actual_delta": [
              0.026428900257977617,
              0.0055433229935388795,
              -0.004790706641869313
            ],
            "alignment": 0.9636564286429083,
            "axis": "x",
            "desired_delta_base": [
              0.035,
              0.0,
              0.0
            ],
            "ik_ok": true
          },
          {
            "actual_delta": [
              0.0008459612410582906,
              0.035103695343771335,
              0.0004975061670871028
            ],
            "alignment": 0.9996094204173673,
            "axis": "y",
            "desired_delta_base": [
              0.0,
              0.035,
              0.0
            ],
            "ik_ok": true
          },
          {
            "actual_delta": [
              -0.02470461460373219,
              -0.04275146074055591,
              0.002437343086250987
            ],
            "alignment": 0.04930271790167505,
            "axis": "z",
            "desired_delta_base": [
              0.0,
              0.0,
              0.035
            ],
            "ik_ok": true
          }
        ]
      },
      "frame_name": "link14",
      "start_pose": {
        "position": [
          -7.372390762997763,
          -6.364755837015335,
          3.0058690452008285
        ],
        "quat_wxyz": [
          0.5711337666504657,
          0.3191701511697094,
          -0.29704555034373764,
          -0.6954858562278189
        ]
      }
    },
    "right": {
      "axis_calibration": {
        "axis_enabled": [
          true,
          true,
          true
        ],
        "axis_quality": [
          0.46642595724012187,
          0.8373014427442703,
          0.6963061894627044
        ],
        "axis_response": [
          [
            0.17536704271471848,
            0.07256789855996182,
            0.10414429011515924
          ],
          [
            0.3307234553512055,
            0.27158455972063766,
            0.2230467666382685
          ],
          [
            0.03506704266657934,
            0.1618121491369986,
            0.23880958716926637
          ]
        ],
        "axis_scale": [
          0.19958140057671434,
          0.12887330574316283,
          0.1465602801582345
        ],
        "axis_sign": [
          1.0,
          1.0,
          1.0
        ],
        "probe_distance_m": 0.035,
        "probes": [
          {
            "actual_delta": [
              0.17536704271471848,
              0.3307234553512055,
              0.03506704266657934
            ],
            "alignment": 0.46642595724012187,
            "axis": "x",
            "desired_delta_base": [
              0.035,
              0.0,
              0.0
            ],
            "ik_ok": true
          },
          {
            "actual_delta": [
              0.07256789855996182,
              0.27158455972063766,
              0.1618121491369986
            ],
            "alignment": 0.8373014427442703,
            "axis": "y",
            "desired_delta_base": [
              0.0,
              0.035,
              0.0
            ],
            "ik_ok": true
          },
          {
            "actual_delta": [
              0.10414429011515924,
              0.2230467666382685,
              0.23880958716926637
            ],
            "alignment": 0.6963061894627044,
            "axis": "z",
            "desired_delta_base": [
              0.0,
              0.0,
              0.035
            ],
            "ik_ok": true
          }
        ]
      },
      "frame_name": "link7",
      "start_pose": {
        "position": [
          -7.420566575460976,
          -6.845042739988655,
          2.716359930722761
        ],
        "quat_wxyz": [
          0.4337910663937723,
          -0.4724355575599741,
          -0.36201099512131646,
          0.6764451153487799
        ]
      }
    }
  },
  "base_pose": {
    "position": [
      -0.046433668583631516,
      -6.463156223297119,
      1.3444384336471558
    ],
    "quat_wxyz": [
      0.0,
      1.0,
      0.0,
      0.0
    ]
  },
  "mobile_joints": {
    "indices": [
      0,
      1,
      2,
      3,
      4,
      5,
      6,
      7
    ],
    "names": [
      "joint1_mobile",
      "joint2_mobile",
      "joint3_mobile",
      "joint4_mobile",
      "joint5_mobile",
      "joint6_mobile",
      "joint7_mobile",
      "joint8_mobile"
    ]
  },
  "robot_key": "v4_onlyarm",
  "robot_prim_path": "/World/combined_mobile_v4_onlyarm_01/root_joint",
  "stage_path": "./com_onlyarm_light_test.usd",
  "urdf_path": "./humanoid_urdf_assemble/urdf/combined_mobile_v4_onlyarm.urdf"
}
